<?xml version="1.0" encoding="UTF-8"?>
<project-private xmlns="http://www.netbeans.org/ns/project-private/1">
    <editor-bookmarks xmlns="http://www.netbeans.org/ns/editor-bookmarks/2" lastBookmarkId="0"/>
    <open-files xmlns="http://www.netbeans.org/ns/projectui-open-files/2">
        <group>
            <file>file:/C:/Users/HASNI/Documents/NetBeansProjects/TA_tb/src/apl_tb/pembayaran.java</file>
            <file>file:/C:/Users/HASNI/Documents/NetBeansProjects/TA_tb/src/apl_tb/login.java</file>
            <file>file:/C:/Users/HASNI/Documents/NetBeansProjects/TA_tb/src/apl_tb/apl_laundry.java</file>
        </group>
    </open-files>
</project-private>
